Date Added,Title,Type,Item Link,Local Control Number,ISBN10,ISBN13,ISSN,EISSN,DOI,Importance,Note for Student
04/09/2014 15:15:22,An introduction to geographical information systems,Book,http://readinglists.anglia.ac.uk/items/E1F86B78-5D83-82FF-E62F-80ED90B9F887.html,995827910102051,NA,9780273722595,NA,NA,NA,Recommended Reading,NA
04/09/2014 15:35:42,Training manual on spatial analysis of plant diversity and distribution,Webpage,http://readinglists.anglia.ac.uk/items/1EF9C01D-8546-7BAE-BFDA-BACEE02CE7A5.html,NA,NA,NA,NA,NA,NA,Recommended Reading,NA
04/09/2014 15:43:09,Spatial databases: a tour,Book,http://readinglists.anglia.ac.uk/items/2A21FD0E-8DD9-DFAD-3963-99B0730A36E7.html,998813720902051,NA,9780130174802,NA,NA,NA,Recommended Reading,NA
31/10/2014 09:34:24,Modelling landscape-scale habitat use using GIS and remote sensing: a case study with great bustards,Article,http://readinglists.anglia.ac.uk/items/595A21E4-3BE0-C95A-64C7-AC860F95F9B4.html,NA,NA,NA,0021-8901,1365-2664,10.1046/j.1365-2664.2001.00604.x,Recommended Reading,For week 06
04/09/2014 16:05:41,Ecology and Society: How Useful Are Species Distribution Models for Managing Biodiversity under Future Climates?,Webpage,http://readinglists.anglia.ac.uk/items/BCEA37CF-21A1-CE0E-216E-0A945166457E.html,NA,NA,NA,NA,NA,NA,Recommended Reading,NA
04/09/2014 16:06:03,Ecological niche modeling in Maxent: the importance of model complexity and the performance of model selection criteria,Article,http://readinglists.anglia.ac.uk/items/84CE245E-107D-6C31-96AC-B2EA968CDAC8.html,NA,NA,NA,10510761,NA,NA,Recommended Reading,NA
04/09/2014 16:07:41,A comparison of classification techniques to support land cover and land use analysis in tropical coastal zones,Article,http://readinglists.anglia.ac.uk/items/E9EF0526-500C-44A4-2485-5FD5AA60D391.html,NA,NA,NA,01436228,NA,10.1016/j.apgeog.2010.11.007,Recommended Reading,NA
04/09/2014 16:06:13,Application of species distribution models and conservation planning software to the design of a reserve network for the riverine fishes of northeastern Mesoamerica,Article,http://readinglists.anglia.ac.uk/items/77B1127D-446E-6C64-D57E-56187245258D.html,NA,NA,NA,NA,NA,10.1111/j.1365-2427.2010.02417.x,Recommended Reading,NA
04/09/2014 16:09:31,Digimap Home Page,Webpage,http://readinglists.anglia.ac.uk/items/62DF4B36-DA4D-59B8-2DC1-988AC9E17910.html,NA,NA,NA,NA,NA,NA,Essential Reading,NA
04/09/2014 16:09:36,National Biodiversity Network Gateway,Webpage,http://readinglists.anglia.ac.uk/items/BDCF90C7-9C52-7BB7-BB5C-3FC60A5997A0.html,NA,NA,NA,NA,NA,NA,Recommended Reading,NA
04/09/2014 16:09:42,The IUCN Red List of Threatened Species,Website,http://readinglists.anglia.ac.uk/items/0EEA81F0-6681-C5A7-B1D1-AB1C90F5C4D2.html,NA,NA,NA,NA,NA,NA,Recommended Reading,NA
04/09/2014 16:09:47,protectedplanet.net - Explore Protected Areas,Website,http://readinglists.anglia.ac.uk/items/36C58200-A271-47A3-E4EF-7D55B516E91E.html,NA,NA,NA,NA,NA,NA,Recommended Reading,NA
04/09/2014 16:09:52,EarthExplorer,Website,http://readinglists.anglia.ac.uk/items/CEDBEA10-8CB4-EA28-B8F7-1B45E8E0E13B.html,NA,NA,NA,NA,NA,NA,Recommended Reading,NA
02/02/2016 16:04:44,Conservation Biology for All,Book,http://readinglists.anglia.ac.uk/items/AE5DDF48-4123-DE5D-DED7-248843DD83EB.html,995576390102051,NA,9780199554232,NA,NA,NA,Essential Reading,"This book is open access and free to download, chapter by chapter. [Library note: there are also two print copies in the Library - click on the title to see location details]"
02/02/2016 16:45:59,"The biodiversity of species and their rates of extinction, distribution, and protection",Article,http://readinglists.anglia.ac.uk/items/EAD213AA-8302-9D86-0E6F-0A864B9C82B4.html,NA,NA,NA,0036-8075,1095-9203,NA,Background Reading,This paper is available in full form through Google Scholar
02/02/2016 16:47:25,Global Biodiversity: Indicators of Recent Declines,Article,http://readinglists.anglia.ac.uk/items/0AE79084-27E2-7E31-C910-941D456AA9E3.html,NA,NA,NA,0036-8075,1095-9203,10.1126/science.1187512,Background Reading,NA
02/02/2016 16:48:41,Untangling the Environmentalist's Paradox: Why Is Human Well-being Increasing as Ecosystem Services Degrade?,Article,http://readinglists.anglia.ac.uk/items/DAF27D1B-8534-B46B-B12D-63064FADD248.html,NA,NA,NA,0006-3568,1525-3244,10.1525/bio.2010.60.8.4,Recommended Reading,NA
02/02/2016 16:51:35,A safe operating space for humanity,Article,http://readinglists.anglia.ac.uk/items/B19FA385-67D6-358D-ADE2-E7ADEE7E624D.html,NA,NA,NA,0028-0836,1476-4687,NA,Background Reading,NA
02/02/2016 16:52:52,Planetary boundaries: Guiding human development on a changing planet,Article,http://readinglists.anglia.ac.uk/items/18530024-21FB-7ED3-CEEF-74C1396A99C1.html,NA,NA,NA,0036-8075,1095-9203,NA,Background Reading,[Library note: Print subscription to Science is shelved on the 1st floor if online link becomes inaccessible]
03/02/2016 14:02:21,Estimating the normal background rate of species extinction,Article,http://readinglists.anglia.ac.uk/items/69EAF3BF-733D-EE66-8A6F-C08DFDFE4E91.html,NA,NA,NA,NA,NA,10.1111/cobi.12380,Background Reading,This is a more detailed explanation of extinction rate measurements. It is added as the Science paper (Pimm et al 2014) may not be accessible in its published format.
09/02/2016 13:34:45,A global evaluation of forest interior area dynamics using tree cover data from 2000 to 2012,Article,http://readinglists.anglia.ac.uk/items/425DEC92-7068-3D1E-9629-A50B6A558F5D.html,NA,NA,NA,0921-2973,1572-9761,10.1007/s10980-015-0270-9,Background Reading,NA
09/02/2016 13:53:02,Accelerating extinction risk from climate change,Article,http://readinglists.anglia.ac.uk/items/6CBE4C2F-DBA2-9372-B88B-5DD44C910EE3.html,NA,NA,NA,0036-8075,1095-9203,10.1126/science.aaa4984,NA,NA
09/02/2016 18:44:02,Widespread amphibian extinctions from epidemic disease driven by global warming,Article,http://readinglists.anglia.ac.uk/items/AF53407A-4A79-47AE-69FF-1A9C5F3CC6C8.html,NA,NA,NA,0028-0836,1476-4679,10.1038/nature04246,NA,This key paper analyses the interaction between climate change and disease in explaining the amphibian extinctions in central America (including the golden toad - a climate change icon).
10/02/2016 14:16:10,Species Invasions and the Limits to Restoration: Learning from the New Zealand Experience,Article,http://readinglists.anglia.ac.uk/items/62156508-4C14-7622-56CE-90718800B112.html,NA,NA,NA,0036-8075,1095-9203,10.1126/science.1172978,Background Reading,A thought provoking article about how to respond to the multiple invasions in New Zealand. Also provides some interesting detail on the scale of the problem.
10/02/2016 17:36:30,"Pollution, Politics, and Vultures",Article,http://readinglists.anglia.ac.uk/items/07174620-B915-5045-D754-3367F4260FA0.html,NA,NA,NA,0036-8075,1095-9203,10.1126/science.1234193,Background Reading,[Library note: full article is available via Google Scholar links. Print copy of this issue is available on the 1st floor if links become unavailable]
10/02/2016 17:38:26,Climate change and dead zones,Article,http://readinglists.anglia.ac.uk/items/10970E23-9052-6A4F-A764-683D705ED078.html,NA,NA,NA,NA,NA,10.1111/gcb.12754,Background Reading,NA
04/04/2016 14:13:27,"Global pollinator declines: trends, impacts and drivers",Article,http://readinglists.anglia.ac.uk/items/BB95908C-634C-BB86-4F94-1667D6CCE8F5.html,NA,NA,NA,01695347,NA,10.1016/j.tree.2010.01.007,Recommended Reading,NA
04/04/2016 14:15:57,"Bee declines driven by combined stress from parasites, pesticides, and lack of flowers",Article,http://readinglists.anglia.ac.uk/items/74F19816-044F-6BD3-0678-EFEC82D1FE81.html,NA,NA,NA,0036-8075,1095-9203,10.1126/science.1255957,Recommended Reading,NA
04/04/2016 15:11:08,DNA barcoding for ecologists,Article,http://readinglists.anglia.ac.uk/items/D57850D4-8AC4-3DA6-84DC-D00EBCAC91C8.html,NA,NA,NA,01695347,NA,10.1016/j.tree.2008.09.011,Background Reading,NA
02/02/2016 17:02:45,A primer of conservation genetics,Book,http://readinglists.anglia.ac.uk/items/00AF7536-E776-E074-2828-DD0051490A8A.html,995410940102051,NA,9786610449415,NA,NA,NA,Recommended Reading,NA
09/02/2016 13:39:42,The world's forests will collapse if we don't learn to say 'no',Article,http://readinglists.anglia.ac.uk/items/2183D26A-F785-4776-3FDA-6884777B680C.html,NA,NA,NA,NA,NA,NA,NA,This online article is a response to the Riiters et al paper (A global evaluation of forest interior dynamics). It is written by the author of the text book Chapter on habitat destruction Bill Laurance. It puts the findings on forest loss nicely in context.
15/04/2016 10:13:52,"Global food security, biodiversity conservation and the future of agricultural intensification",Article,http://readinglists.anglia.ac.uk/items/576B99CD-7718-124C-8CC1-3ACE4934C1EA.html,NA,NA,NA,00063207,NA,NA,NA,Read this for the debate on intensive agriculture in week 10.
15/04/2016 10:14:56,Reconciling Food Production and Biodiversity Conservation: Land Sharing and Land Sparing Compared,Article,http://readinglists.anglia.ac.uk/items/9DD652C1-42DB-29AF-5A5A-96A2E936562C.html,NA,NA,NA,0036-8075,1095-9203,10.1126/science.1208742,NA,Read this for the intensive agriculture debate in week 10.
02/02/2016 14:46:55,Fundraising guidelines,Document,http://readinglists.anglia.ac.uk/items/79AB801C-4A5E-C13B-7469-45E9EAF599F0.html,NA,NA,NA,NA,NA,NA,Recommended Reading,NA
02/02/2016 14:48:39,Guidelines for Writing Grant Proposals,Document,http://readinglists.anglia.ac.uk/items/8287076B-7F18-CE18-38FD-C346507AC023.html,NA,NA,NA,NA,NA,NA,Recommended Reading,NA
02/02/2016 14:52:58,BirdLife | Partnership for nature and people,Website,http://readinglists.anglia.ac.uk/items/07355F1E-A344-EF30-F76D-674AE5291287.html,NA,NA,NA,NA,NA,NA,Background Reading,NA
02/02/2016 14:53:36,Fauna & Flora International,Website,http://readinglists.anglia.ac.uk/items/192FB093-7250-18A3-87D5-09F0A21125D7.html,NA,NA,NA,NA,NA,NA,Background Reading,NA
02/02/2016 14:54:24,Worldwide Fund for Nature (WWF),Website,http://readinglists.anglia.ac.uk/items/C798317C-9E2A-1CCA-8656-6828FDC6F9A3.html,NA,NA,NA,NA,NA,NA,Background Reading,NA
28/01/2014 15:32:00,Communication Skills for Conservation Professionals,Book,http://readinglists.anglia.ac.uk/items/A8406474-EB69-696C-802D-6FC136672DE3.html,998912849802051,1597269433,NA,NA,NA,NA,Essential Reading,NA
03/02/2014 09:39:52,Communication for Nature Conservation: a manual on using communication in support of nature conservation policy and action. European Centre  for Nature Conservation.,Document,http://readinglists.anglia.ac.uk/items/0DAD536D-7A4D-E65C-5900-EF78002148D1.html,NA,NA,NA,NA,NA,NA,Recommended Reading,NA
11/02/2014 11:03:30,Science communication for biodiversity conservation,Article,http://readinglists.anglia.ac.uk/items/264BAE22-D429-73CC-9D56-8BDF8CC1D8D6.html,NA,NA,NA,00063207,NA,10.1016/j.biocon.2011.12.016,Recommended Reading,NA
08/04/2019 10:41:35,Effective conservation science: data not dogma,Book,http://readinglists.anglia.ac.uk/items/42CF2FDE-E6A8-1C46-D022-496F15E927E3.html,998965633802051,NA,9780198808985,NA,NA,NA,Recommended Reading,NA
03/02/2014 10:42:46,Biodiversity conservation and the extinction of experience,Article,http://readinglists.anglia.ac.uk/items/FB5E12E0-41AB-CEEB-3F07-8627B4E33044.html,NA,NA,NA,01695347,NA,10.1016/j.tree.2005.05.013,NA,A good starting paper for Conservation issues
03/02/2014 10:47:06,Science communication for biodiversity conservation,Article,http://readinglists.anglia.ac.uk/items/10286BEE-DF0B-8AF5-A6CB-E6897CA8134E.html,NA,NA,NA,00063207,NA,10.1016/j.biocon.2011.12.016,NA,A good starting paper for Conservation issues
03/02/2014 16:00:40,UN (1992) Convention on Biological Diversity,Document,http://readinglists.anglia.ac.uk/items/3B6286BE-DB91-DD33-4D5F-A44F51B16497.html,NA,NA,NA,NA,NA,NA,NA,Useful Background Information
03/02/2014 16:01:57,Making Space for Nature: A review of England’s Wildlife Sites and Ecological Network,Document,http://readinglists.anglia.ac.uk/items/A134EE19-53DE-6B80-CD2B-854E979267B2.html,NA,NA,NA,NA,NA,NA,NA,Useful Background Reading
11/02/2014 10:51:13,Finding Common Ground in Biological Conservation: Beyond the Anthropocentric vs. Biocentric Controversy,Document,http://readinglists.anglia.ac.uk/items/9EC47794-578A-A709-5291-22084488DDF6.html,NA,NA,NA,NA,NA,NA,NA,NA
11/02/2014 10:52:52,Monitoring Great Ape and Elephant Abundance at Large Spatial Scales: Measuring Effectiveness of a Conservation Landscape,Article,http://readinglists.anglia.ac.uk/items/2C87B433-E5A9-D59B-CDC8-83F7B7E5573B.html,NA,NA,NA,NA,1932-6203,10.1371/journal.pone.0010294,NA,NA
11/02/2014 11:03:15,Finding Common Ground in Biological Conservation: Beyond the Anthropocentric vs. Biocentric Controversy,Document,http://readinglists.anglia.ac.uk/items/0253429B-90E7-28D4-FC9C-80655E80E3D5.html,NA,NA,NA,NA,NA,NA,NA,NA
03/06/2020 15:31:03,From wing to wing: the persistence of long ecological interaction chains in less-disturbed ecosystems,Article,http://readinglists.anglia.ac.uk/items/5CE78C67-B815-733C-1310-6F14FAC33377.html,NA,NA,NA,NA,2045-2322,10.1038/srep00409,NA,NA
03/06/2020 15:36:31,Environmental impact of microplastics,Document,http://readinglists.anglia.ac.uk/items/368F37F8-F38A-3703-1BB2-1408581BB132.html,NA,NA,NA,NA,NA,NA,NA,NA
03/06/2020 15:34:48,Environmental impact of microplastics: Government Response to the Committee’s Fourth Report of Session 2016–17,Document,http://readinglists.anglia.ac.uk/items/53240AAF-63A6-9D22-EA51-E378B9B79AF8.html,NA,NA,NA,NA,NA,NA,NA,NA
03/06/2020 15:43:59,Using social media to strengthen public awareness of wildlife conservation,Article,http://readinglists.anglia.ac.uk/items/EA896A72-B6E3-3D9B-4913-5CCB2C321F47.html,NA,NA,NA,09645691,NA,10.1016/j.ocecoaman.2017.12.010,NA,NA
03/06/2020 15:08:17,Conservation prioritization can resolve the flagship species conundrum,Article,http://readinglists.anglia.ac.uk/items/C28B82ED-53B9-8457-6355-57F27BED16A0.html,NA,NA,NA,NA,2041-1723,10.1038/s41467-020-14554-z,Background Reading,Discussion Resource
03/06/2020 15:51:01,"Anthropomorphized species as tools for conservation: utility beyond prosocial, intelligent and suffering species",Article,http://readinglists.anglia.ac.uk/items/25C5E94F-FF9E-2EFD-D27D-ED05333A745C.html,NA,NA,NA,0960-3115,1572-9710,10.1007/s10531-013-0494-4,NA,NA
03/06/2020 15:53:26,Do Big Unstructured Biodiversity Data Mean More Knowledge?,Article,http://readinglists.anglia.ac.uk/items/6AA045D8-3553-9F1D-5AB3-70F57E3B73AB.html,NA,NA,NA,NA,2296-701X,10.3389/fevo.2018.00239,NA,NA
03/06/2020 15:55:47,Calling for a new agenda for conservation science to create evidence-informed policy,Article,http://readinglists.anglia.ac.uk/items/C688833D-F04F-12C8-DEFD-AD8AF7DBDD15.html,NA,NA,NA,00063207,NA,10.1016/j.biocon.2019.108222,NA,NA
03/06/2020 15:57:21,Using citizen science data to support conservation in environmental regulatory contexts,Article,http://readinglists.anglia.ac.uk/items/A189A70C-D9DF-3500-591F-7B4A7EB34E1E.html,NA,NA,NA,00063207,NA,10.1016/j.biocon.2019.06.016,NA,NA
03/06/2020 16:02:39,Impact evaluation to communicate and improve conservation non-governmental organization performance: the case of Conservation International,Article,http://readinglists.anglia.ac.uk/items/0CEF49E4-AF05-6B2F-091F-56EC98667F96.html,NA,NA,NA,0962-8436,1471-2970,10.1098/rstb.2014.0282,NA,NA
03/06/2020 15:07:55,Communicating Conservation Status: How Different Statistical Assessment Criteria Affect Perceptions of Extinction Risk,Article,http://readinglists.anglia.ac.uk/items/2566069B-13DA-1823-D1A8-0E69886E87A5.html,NA,NA,NA,NA,NA,10.1111/risa.12714,Background Reading,Discussion Resource
03/06/2020 16:05:40,Incorporating basic needs to reconcile poverty and ecosystem services,Article,http://readinglists.anglia.ac.uk/items/EAB92DF5-402D-3621-55C5-10AFD7AE6BC3.html,NA,NA,NA,0888-8892,1523-1739,10.1111/cobi.13209,NA,NA
03/06/2020 16:06:32,Conserving What and for Whom? Why Conservation Should Help Meet Basic Human Needs in the Tropics,Article,http://readinglists.anglia.ac.uk/items/EF09B92F-0B91-485D-A20B-26609322D43F.html,NA,NA,NA,0006-3606,1744-7429,10.1111/j.1744-7429.2007.00332.x,NA,NA
03/06/2020 16:08:46,"An Integrated Framework for Encouraging Pro-environmental Behaviour: The role of values, situational factors and goals",Article,http://readinglists.anglia.ac.uk/items/59F3078F-D7F2-D45C-B51C-8B0729F87E9A.html,NA,NA,NA,02724944,NA,10.1016/j.jenvp.2014.01.002,NA,NA
08/07/2016 10:26:35,Conservation behavior: applying behavioral ecology to wildlife conservation and management,Book,http://readinglists.anglia.ac.uk/items/FAA78FF0-CC96-327B-D10F-42FB96D44A06.html,998902994302051,NA,9781107690417,NA,NA,NA,Suggested for Student Purchase,The module has been designed around the conceptual framework presented in this book which is the first text that properly tackles the issue of applying behavioural ecology to conservation using a clear framework. It is easy to read and provides a better view than some of the earlier books as it is edited by both behavioural ecologists and conservation biologists.
18/12/2014 15:49:52,Behavioural ecology,Book,http://readinglists.anglia.ac.uk/items/E987CB54-AE2B-A287-4798-CCAE0B1B1641.html,2123499420002051,NA,9780199206292,NA,NA,NA,Recommended Reading,This is another behavioural ecology text which provides more detailed coverage of key behavioural ecology concepts and methodologies. I would not recommend trying to read it but dip in to section where necessary.
18/12/2014 15:48:49,An introduction to behavioural ecology,Book,http://readinglists.anglia.ac.uk/items/C5CFF4CF-25DB-033E-4AA2-A39CE05F8535.html,996620720102051,NA,9781405114165,NA,NA,NA,Essential Reading,If you have no background in behavioural ecology it is essential that you prepare for the module by working through this up to date and highly accessible book.
18/12/2014 15:54:28,A primer of conservation behavior,Book,http://readinglists.anglia.ac.uk/items/E02690C7-AD73-7E33-8212-7A5D26D227E3.html,2119303770002051,NA,9780878934010,NA,NA,NA,Recommended Reading,This is one of a few textbooks that focus on animal behaviour and conservation. It is  more up to date than Gosling and Sutherland  but may be slightly biased towards behaviour.
18/12/2014 15:55:29,Behaviour and conservation,Book,http://readinglists.anglia.ac.uk/items/FFDA6729-F331-C2B6-014D-19FA5746FF10.html,2119243860002051,NA,NA,NA,NA,NA,Recommended Reading,"This is an older book, and probably biased more towards conservation than behavioural ecology - so a good compliment to Blumstein et al."
18/12/2014 15:58:25,Behavioral ecology and conservation biology,Book,http://readinglists.anglia.ac.uk/items/7FC1054C-CDC3-077F-446A-DE69025E708C.html,993257580102051,NA,NA,NA,NA,NA,Background Reading,NA
18/12/2014 15:59:40,Animal Behavior and Wildlife Conservation,Book,http://readinglists.anglia.ac.uk/items/4CA937DF-651F-6B28-3705-BC28A645EF04.html,993985460102051,NA,1559639598,NA,NA,NA,Background Reading,NA
08/07/2016 10:45:39,"BBC Radio 4 - In Our Time, Behavioural Ecology",Audio document,http://readinglists.anglia.ac.uk/items/ACCEA3F9-551C-38F5-63F7-01FF366A519C.html,NA,NA,NA,NA,NA,NA,Recommended Reading,This radio broadcast gives a nice overview of behavioural ecology.
05/09/2018 14:37:06,Song of the Dodo,Book,http://readinglists.anglia.ac.uk/items/ACB35B99-0BA9-29C7-825A-14B330D12226.html,992823680102051,NA,9780091801960,NA,NA,NA,Background Reading,NA
05/09/2018 14:37:14,Sustainable Energy - without the hot air,Book,http://readinglists.anglia.ac.uk/items/0D84665D-099B-BE40-1EF9-A3FE6DEB44DA.html,998813734202051,NA,9780954452933,NA,NA,NA,Background Reading,NA
13/07/2016 13:10:46,Conservation Biology for All,Book,http://readinglists.anglia.ac.uk/items/F700AC73-E8E2-79BA-F8DF-0FF0AC2935A1.html,995576390102051,NA,9780199554232,NA,NA,NA,Recommended Reading,NA
18/09/2015 16:44:02,Problem-solving in conservation biology and wildlife management,Book,http://readinglists.anglia.ac.uk/items/B9C1DC78-5DC6-AD80-31F9-5DF76A0E4B7C.html,994443270102051,1405152877,9781405152877,NA,NA,NA,Background Reading,NA
18/09/2015 16:44:37,"Ecology of woodlands and forests: description, dynamics and diversity",Book,http://readinglists.anglia.ac.uk/items/814D3E69-67F3-98CF-6734-582946E6E03B.html,994887380102051,NA,NA,NA,NA,NA,Background Reading,NA
18/09/2015 16:44:08,"Wildlife ecology, conservation, and management",Book,http://readinglists.anglia.ac.uk/items/7B488BAD-A454-A2C5-D23D-B94D4034D8B7.html,998800487702051,NA,9781118291078,NA,NA,NA,Background Reading,Library note: we also have the 2nd edition 2014 - print and e-book]
18/09/2015 16:43:43,Evolutionary conservation biology,Book,http://readinglists.anglia.ac.uk/items/134D6B2E-EC7B-8456-ACA6-B28B2A577FF7.html,994119850102051,521827000,NA,NA,NA,NA,Background Reading,NA
18/09/2015 16:43:54,Key Topics in Conservation Biology 2,Book,http://readinglists.anglia.ac.uk/items/D778F966-03A0-05DE-EFC8-C1905DCFF811.html,5133765380002051,NA,NA,NA,NA,NA,Background Reading,NA
18/09/2015 16:44:45,Tropical forest community ecology,Book,http://readinglists.anglia.ac.uk/items/AA1518F4-A331-1C19-F0AB-1438E70A8E3F.html,995264000102051,NA,9781405118972,NA,NA,NA,Background Reading,NA
18/09/2015 16:44:34,"Tropical rain forest ecology, diversity, and conservation",Book,http://readinglists.anglia.ac.uk/items/6A40E4C7-368F-6AF2-183B-35CE49BF6066.html,997585820102051,NA,NA,NA,NA,NA,Background Reading,NA
18/09/2015 16:44:24,Forest ecology and conservation: a handbook of techniques,Book,http://readinglists.anglia.ac.uk/items/8C9EF1E5-DCCE-155F-7989-C357086465E0.html,2118494320002051,NA,NA,NA,NA,NA,Background Reading,NA
18/09/2015 16:47:30,Conservation biology: the journal of the Society for Conservation Biology,Journal,http://readinglists.anglia.ac.uk/items/EFE8441E-2E08-3926-EF92-D047EC382A42.html,5125960290002051,NA,NA,0888-8892,NA,NA,NA,NA
18/09/2015 16:47:25,Biological conservation,Journal,http://readinglists.anglia.ac.uk/items/9F8A4D8B-B9E2-ABD7-50CC-F6864226E53C.html,2124100440002051,NA,NA,0006-3207,NA,NA,NA,NA
18/09/2015 16:47:06,Trends in ecology & evolution,Journal,http://readinglists.anglia.ac.uk/items/EE5C5FAE-2E2E-4E0D-C741-AC17638BD1A8.html,5125617440002051,NA,NA,0169-5347,NA,NA,NA,NA
18/09/2015 16:48:13,Forest ecology and management,Journal,http://readinglists.anglia.ac.uk/items/B383A33C-DB8F-F177-390A-00D359F12D38.html,5125922190002051,NA,NA,0378-1127,NA,NA,NA,NA
18/09/2015 16:48:08,Global change biology: Bioenergy,Journal,http://readinglists.anglia.ac.uk/items/87EB9FAB-DDD5-1CA7-6FE9-B7DE42FD15B8.html,5125705080002051,NA,NA,1757-1693,NA,NA,NA,NA
18/09/2015 16:48:01,The journal of applied ecology,Journal,http://readinglists.anglia.ac.uk/items/1B25D7F7-AFBC-9C22-5C26-EEE96BCA92C6.html,5125067970002051,NA,NA,0021-8901,NA,NA,NA,NA
18/09/2015 16:47:13,Nature,Journal,http://readinglists.anglia.ac.uk/items/F7C5A8D1-932E-F2F5-F0AB-A86551151195.html,5125462620002051,NA,NA,0028-0836,NA,NA,NA,NA
18/09/2015 16:47:19,Science,Journal,http://readinglists.anglia.ac.uk/items/D3EEDF66-50F8-FCB4-ACBC-B08005AEF06B.html,5130088110002051,NA,NA,0193-4511,NA,NA,NA,[Library note: we have a print-only subscription to Science. It is shelved on the 1st floor at Cambridge]
18/09/2015 16:47:01,Population ecology,Journal,http://readinglists.anglia.ac.uk/items/B1F3107A-6E74-3CEA-104E-8F190BE49C89.html,5134562560002051,NA,NA,1438-3896,NA,NA,NA,NA
13/01/2021 18:52:50,Elements of ecology,Book,http://readinglists.anglia.ac.uk/items/34C1B398-CD03-1ED8-F398-C17A6A82E3D6.html,998882125002051,1292077409,9781292077406,NA,NA,NA,Essential Reading,It is best to access this book from Kortext (eTextbooks link on Canvas). This is the main text book that we will use during trimester 2.
01/02/2021 20:37:45,"The Devil's Dyke: its wildlife, history and restoration",Article,http://readinglists.anglia.ac.uk/items/7A4E962F-6857-B377-C892-9D257A2426DF.html,NA,NA,NA,0958-0956,NA,NA,Essential Reading,NA
13/01/2021 18:32:35,Artemia salina: an easily cultured invertebrate ideally suited for ecological studies,Article,http://readinglists.anglia.ac.uk/items/0AC2D4A7-47D4-9B33-F9D0-5665F1E6FC96.html,NA,NA,NA,0021-9266,2157-6009,NA,Background Reading,Less important in 2020-21
13/01/2021 18:37:45,"Salinity Effects on Survival, Growth and Morphometry of Four Egyptian Artemia Populations (International Study on Artemia. LXVII)",Article,http://readinglists.anglia.ac.uk/items/1747E4BC-82A6-B31F-B645-8F274D6F0D10.html,NA,NA,NA,NA,NA,10.1023/B:HYDR.0000033124.49676.5c,Background Reading,Less important in 2020-21
13/01/2021 18:35:53,Ecology: from individuals to ecosystems,Book,http://readinglists.anglia.ac.uk/items/236E5F92-9B75-59F5-F846-03BC66A654D7.html,994171160102051,1405111178,9781405111171,NA,NA,NA,Recommended Reading,[Note from library] The View Online link leads to the eBook of the 5th edition.
13/01/2021 18:36:38,Ecology: the experimental analysis of distribution and abundance,Book,http://readinglists.anglia.ac.uk/items/C1A4A589-2E42-ED25-8628-9DE8E8C121C0.html,997648930102051,NA,9781292038667,NA,NA,NA,Recommended Reading,NA
20/08/2014 15:45:14,"Wildlife ecology, conservation, and management",Book,http://readinglists.anglia.ac.uk/items/DA491930-0DF2-7803-7FF1-8DFD03D6C029.html,998800487702051,NA,9781118291078,NA,NA,NA,Recommended Reading,NA
13/01/2021 18:56:10,Ecology: concepts and applications,Book,http://readinglists.anglia.ac.uk/items/761072F2-E5D9-1FD2-70A0-E1119B1EB8FE.html,998883411902051,NA,9781259254550,NA,NA,NA,Recommended Reading,NA
13/01/2021 18:33:32,Ecology,Book,http://readinglists.anglia.ac.uk/items/95C7F6D0-4DB8-5366-BDC0-52D6EFFDE8F4.html,2122545480002051,NA,9781859962572,NA,NA,NA,Background Reading,NA
13/01/2021 18:33:55,Ecology: the economy of nature,Book,http://readinglists.anglia.ac.uk/items/EC00EAD5-94E4-4DC5-1BEC-08EF3512B172.html,998818340102051,1429249951,9781429249959,NA,NA,NA,Background Reading,NA
13/01/2021 18:34:22,Ecology & field biology,Book,http://readinglists.anglia.ac.uk/items/6DE343FE-41CA-0D1F-C9E5-202281195D92.html,993658540102051,NA,NA,NA,NA,NA,Background Reading,NA
13/01/2021 18:35:10,Ecology.,Journal,http://readinglists.anglia.ac.uk/items/CD8DA702-31E2-5F74-55CB-6B27E7BEA52D.html,NA,NA,NA,0012-9658,NA,NA,Recommended Reading,NA
13/01/2021 18:38:33,The journal of animal ecology.,Journal,http://readinglists.anglia.ac.uk/items/CC10EBE0-85EC-90B3-4E34-3B6CFFE21490.html,NA,NA,NA,0021-8790,NA,NA,Recommended Reading,NA
13/01/2021 18:39:46,The journal of ecology.,Journal,http://readinglists.anglia.ac.uk/items/70C19E2F-ABC5-B2ED-D89A-7BF7E70BB3F1.html,NA,NA,NA,0022-0477,NA,NA,Recommended Reading,NA
20/08/2014 17:00:25,Biological Conservation,Journal,http://readinglists.anglia.ac.uk/items/37063864-F61A-0639-4832-9278A5CC1015.html,NA,NA,NA,0006-3207,NA,NA,Recommended Reading,NA
20/08/2014 11:03:52,British wildlife,Journal,http://readinglists.anglia.ac.uk/items/7DC4C83F-91C9-9549-E8C5-D40AFB78CCBE.html,993269600102051,NA,NA,0958-0956,NA,NA,Recommended Reading,Paper copies only available from library (not available electronically).
17/09/2015 18:07:18,Conservation Biology,Journal,http://readinglists.anglia.ac.uk/items/5720E127-1230-0C8B-FE18-F0EF9919F1C0.html,NA,NA,NA,08888892,15231739,NA,Recommended Reading,NA
13/01/2021 19:14:00,Journal for Nature Conservation - Elsevier,Journal,http://readinglists.anglia.ac.uk/items/99885CDD-D73B-8E6E-FB65-96A2D8A13B60.html,NA,NA,NA,NA,NA,NA,Recommended Reading,NA
20/08/2014 16:57:03,Journal of Biogeography,Journal,http://readinglists.anglia.ac.uk/items/4BF4E3BC-AE78-D25D-5343-D5DB23621D02.html,NA,NA,NA,0305-0270,NA,NA,Recommended Reading,NA
20/08/2014 16:57:36,Journal of Mammalogy,Journal,http://readinglists.anglia.ac.uk/items/F16A1422-9515-2D89-49B2-8389832BDA54.html,NA,NA,NA,0022-2372,NA,NA,Recommended Reading,NA
18/10/2016 13:38:00,Mammal Review,Journal,http://readinglists.anglia.ac.uk/items/EBF2B96F-AD43-0752-C37D-C41B02DBB72D.html,NA,NA,NA,1365-2907,NA,NA,Recommended Reading,"Mammal Review is The Mammal Society’s quarterly international scientific journal of mammal research and review studies, covering all aspects of mammalian biology and ecology."
01/02/2021 20:49:38,Re-establishing the Large Blue butterfly in Britain,Article,http://readinglists.anglia.ac.uk/items/B8B4B0A7-2CCF-2121-880F-6625D678D965.html,NA,NA,NA,0958-0956,NA,NA,Essential Reading,NA
08/09/2015 13:12:15,Britain's habitats: a guide to the wildlife habitats of Britain and Ireland,Book,http://readinglists.anglia.ac.uk/items/7438AB44-447A-5620-EC54-5B08EE115C9C.html,998816626402051,NA,9780691158556,NA,NA,NA,Suggested for Student Purchase,A very clear and up-to-date guide. [Note from library] The View Online link leads to the eBook of the 2nd edition.
08/09/2015 13:14:09,Britain's Mammals: A Field Guide to the Mammals of Britain and Ireland,Book,http://readinglists.anglia.ac.uk/items/7B13557B-86CD-AFED-8107-1AB64FF71539.html,998934441202051,NA,9780691156972,NA,NA,NA,Suggested for Student Purchase,A very clear and up-to-date guide giving a good overview for all mammals studied in this module. Includes information on tracks and signs and a useful section on legislation.
17/07/2017 14:53:25,Britain’s Hedgehogs: research and the conservation effort in the face of serious decline,Article,http://readinglists.anglia.ac.uk/items/8B1A3F4F-3A05-DC4E-316C-D8740B44BA22.html,NA,NA,NA,0958-0956,NA,NA,Essential Reading,"Week 1 required reading. Click on the title of the article or the Online Resource Button. On the next screen, scroll down and click on 'View digitisation in new window'"
13/08/2015 09:13:22,Climate change and Britain's birdlife: what might we expect?,Article,http://readinglists.anglia.ac.uk/items/457CB8FA-0784-29F3-2E73-6BBEDF96168A.html,NA,NA,NA,0958-0956,NA,NA,Essential Reading,Week 2 required reading
23/07/2015 11:49:48,Deer in the Peak District and its urban fringe,Article,http://readinglists.anglia.ac.uk/items/80EC6ADE-3E07-15C7-A064-4BADE8093EA6.html,NA,NA,NA,0958-0956,NA,NA,Essential Reading,Week 3 required reading.
26/07/2019 16:15:43,Seeds and seed-eating birds: casualties of agricultural change,Article,http://readinglists.anglia.ac.uk/items/12355A66-D7B5-8059-88AC-C1777D902C66.html,NA,NA,NA,0958-0956,NA,NA,Essential Reading,Week 4 required reading
03/09/2015 09:18:21,The Great Crested Newt: an ongoing conservation dilemma.,Article,http://readinglists.anglia.ac.uk/items/AB0EEAAC-2E8F-4D70-DDA5-9C5408AE159B.html,NA,NA,NA,0958-0956,NA,NA,Essential Reading,Week 5 required reading
17/07/2017 14:57:21,The conservation status of British invertebrates,Article,http://readinglists.anglia.ac.uk/items/E90F89B2-1BBF-CB02-CFFD-7E55C28580C1.html,NA,NA,NA,NA,NA,NA,Essential Reading,Week 6 required reading
03/09/2015 09:18:03,Return of the native.,Article,http://readinglists.anglia.ac.uk/items/27529E8C-AC2F-00E2-A3C2-8560ECCA9470.html,NA,NA,NA,0958-0956,NA,NA,Essential Reading,Week 7 required reading
03/09/2015 09:29:31,Sea change,Article,http://readinglists.anglia.ac.uk/items/3DAF8FD8-3F92-7F55-43DC-97CA29AC8C4F.html,NA,NA,NA,0958-0956,NA,NA,Essential Reading,Week 8 required reading
21/08/2015 09:28:54,The battle for British beavers,Article,http://readinglists.anglia.ac.uk/items/7A21C72A-FF11-98DB-0D6E-AFC43FC8B80C.html,NA,NA,NA,09580956,NA,NA,Essential Reading,Week 9 required reading
03/09/2015 09:17:55,Bat-monitoring: a novel approach.,Article,http://readinglists.anglia.ac.uk/items/617B28BA-3529-C433-2143-8A19AD199782.html,NA,NA,NA,0958-0956,NA,NA,Essential Reading,Week 10 required reading
17/07/2017 15:01:36,Uncertain times – nature conservation in the UK after ‘Brexit’,Article,http://readinglists.anglia.ac.uk/items/D64C6C1D-F6BD-E7FE-CFFB-092C3F17847F.html,NA,NA,NA,NA,NA,NA,Essential Reading,Week 11 required reading
13/09/2016 11:52:48,The grey seals of Bardsey,Article,http://readinglists.anglia.ac.uk/items/97620438-5DDD-A298-8400-997F1DF6E93E.html,NA,NA,NA,NA,NA,NA,Essential Reading,Week 12 required reading
21/08/2015 08:55:53,The Great Fen - the challenges of creating a wild landscape in lowland England,Article,http://readinglists.anglia.ac.uk/items/23779C57-16C6-0DDD-31F7-B8EA768E0574.html,NA,NA,NA,09580956,NA,NA,Recommended Reading,"Additional reading, and interesting because it is about large-scale conservation very close to Cambridge"
08/09/2015 13:10:56,"Britain's reptiles and amphibians: a guide to the reptiles and amphibians of Great Britain, Ireland and the Channel Islands",Book,http://readinglists.anglia.ac.uk/items/BF470391-730A-F4E8-8A65-8C9022FE8AED.html,998842399902051,NA,9781903657256,NA,NA,NA,Recommended Reading,A very clear and up-to-date guide
08/09/2015 13:10:03,Britain's Freshwater Fishes,Book,http://readinglists.anglia.ac.uk/items/1FD6E38F-0CB7-692A-AE12-20550FB3B100.html,998812305902051,691156786,NA,NA,NA,NA,Recommended Reading,A very clear and up-to-date guide
20/08/2014 11:46:52,Amphibians and reptiles: a natural history of the British herpetofauna,Book,http://readinglists.anglia.ac.uk/items/8B749965-B02A-237C-DADA-24C458B02951.html,993809080102051,2200848,NA,NA,NA,NA,Background Reading,NA
20/08/2014 11:39:09,Reptiles and amphibians of Europe,Book,http://readinglists.anglia.ac.uk/items/72441F76-5701-458E-6337-0A82161E2819.html,994082460102051,691114137,NA,NA,NA,NA,Background Reading,[Library note: we also have 3 copies of the Collins guide by Arnold at 597.9094 ARN]
20/08/2014 15:16:22,Hamlyn guide to freshwater fish of Britain and Europe,Book,http://readinglists.anglia.ac.uk/items/7AB7CDD8-7785-E508-B956-CDFB57087EE2.html,993719740102051,600596907,NA,NA,NA,NA,Background Reading,NA
23/12/2020 15:15:08,Collins bird guide,Book,http://readinglists.anglia.ac.uk/items/21C5F0C6-DD20-6AA7-0570-CEDD9E3AE512.html,995432510102051,NA,NA,NA,NA,NA,Recommended Reading,NA
20/08/2014 15:29:33,Birds of Britain and Europe,Book,http://readinglists.anglia.ac.uk/items/BF489897-4CFF-15AA-7096-A27AA6192B62.html,991481590102051,330260235,NA,NA,NA,NA,Recommended Reading,NA
20/08/2014 16:24:36,Bird ecology and conservation: a handbook of techniques,Book,http://readinglists.anglia.ac.uk/items/E10D7DA8-A484-E067-C807-5FFE59929952.html,994119750102051,198520867,9780198520863,NA,NA,NA,Background Reading,NA
20/08/2014 14:07:37,Ornithology,Book,http://readinglists.anglia.ac.uk/items/6B4287D9-2220-B025-2A20-ED8870029F69.html,994462480102051,716749831,9780716749837,NA,NA,NA,Background Reading,NA
20/08/2014 16:25:59,The complete guide to the birdlife of Britain and Europe,Book,http://readinglists.anglia.ac.uk/items/E8E81CF8-0975-FF62-558B-CB45FF4ABA10.html,993777140102051,1857327950,NA,NA,NA,NA,Background Reading,NA
20/08/2014 15:12:55,Mammals of Britain & Europe: Collins field guide,Book,http://readinglists.anglia.ac.uk/items/B2514028-9EA3-B23A-1040-CD5299F464C1.html,993736240102051,2197790,NA,NA,NA,NA,Recommended Reading,NA
20/08/2014 14:10:43,Mammals of the British Isles: handbook,Book,http://readinglists.anglia.ac.uk/items/FB59B5B2-7A44-2AE1-2E4B-568A12F4D8B1.html,994870530102051,NA,9780906282656,NA,NA,NA,Recommended Reading,NA
08/09/2015 13:07:51,"Britain's Sea Mammals: Whales, Dolphins, Porpoises, and Seals and Where to Find Them",Book,http://readinglists.anglia.ac.uk/items/6921A576-6E10-6792-DEA7-4E3A1996BB05.html,998828935102051,NA,NA,NA,NA,NA,Recommended Reading,A very clear and up-to-date guide
20/08/2014 10:40:45,Bats: biology and behaviour,Book,http://readinglists.anglia.ac.uk/items/39E28E2A-E02D-9366-EC8E-B56FFB0DF629.html,993284020102051,198503229,NA,NA,NA,NA,Recommended Reading,NA
20/08/2014 14:58:11,A field guide to deer of Britain,Book,http://readinglists.anglia.ac.uk/items/C1360A8B-0A82-BB87-7098-BB06ABE8028A.html,998871801702051,NA,9781903554234,NA,NA,NA,Background Reading,NA
20/08/2014 11:40:34,Atlas of mammals in Britain,Document,http://readinglists.anglia.ac.uk/items/AB1D4510-D41B-3112-D7B4-A3B94944A3D2.html,992643260102051,117016675,NA,NA,NA,NA,Background Reading,Rather old but still interesting. More recent species distribution maps are available via the NBN Gateway.
20/08/2014 15:39:15,Bats,Book,http://readinglists.anglia.ac.uk/items/7D65B753-0A15-0734-0076-CB177F07178A.html,998801045202051,NA,9780565092757,NA,NA,NA,Background Reading,NA
20/08/2014 16:35:44,Beavers in Britain's past,Book,http://readinglists.anglia.ac.uk/items/53A5043A-6194-5225-7F3E-3694CDD35716.html,994504180102051,NA,9781842172261,NA,NA,NA,Background Reading,NA
20/08/2014 15:01:55,Britain's mammals: the challenge for conservation,Book,http://readinglists.anglia.ac.uk/items/FB2C6DA3-189D-6687-FE3A-3840DAD53872.html,993818900102051,954004310,NA,NA,NA,NA,Background Reading,NA
20/08/2014 11:41:20,Cambridgeshire and Peterborough provisional mammals atlas,Book,http://readinglists.anglia.ac.uk/items/BD4AA8E6-B543-4FAD-4F44-A237794E7185.html,994154680102051,NA,NA,NA,NA,NA,Background Reading,A guide for those interested in the distribution and status of mammals in the local area.
20/08/2014 15:20:31,Dormice,Book,http://readinglists.anglia.ac.uk/items/1ECE2859-AFF0-2AFD-4D93-A5E3BF4911B0.html,998851507902051,NA,9781873580820,NA,NA,NA,Background Reading,NA
19/05/2017 11:47:26,"Mammalogy: adaptation, diversity, ecology",Book,http://readinglists.anglia.ac.uk/items/7B3A4B64-B221-5F2B-E0B2-65E57A4A066C.html,998829091802051,NA,9781421415888,NA,NA,NA,NA,NA
20/08/2014 14:08:27,"Mammals, their Latin names explained: a guide to animal classification",Book,http://readinglists.anglia.ac.uk/items/51886D19-C554-FE57-B394-B2819CE292C7.html,994087070102051,NA,NA,NA,NA,NA,Background Reading,NA
20/08/2014 16:37:33,"Otters: ecology, behaviour, and conservation",Book,http://readinglists.anglia.ac.uk/items/0A9D6B9A-E69C-D7A3-D926-20530A1828F2.html,994440930102051,NA,NA,NA,NA,NA,Background Reading,NA
20/08/2014 11:57:22,Red deer: behavior and ecology of two sexes,Book,http://readinglists.anglia.ac.uk/items/454B798A-FF66-E89A-F9E9-D75C9851AC82.html,994181530102051,NA,9780226110578,NA,NA,NA,Background Reading,[Note from library] There is an additional copy of this book held in Cambridge at the same shelf number. Please check the catalogue for availability.
20/08/2014 14:39:43,Squirrels,Book,http://readinglists.anglia.ac.uk/items/C42FFFA9-682F-08D0-33B5-9C6ECB825F1A.html,998801044702051,NA,9781873580738,NA,NA,NA,Background Reading,NA
20/08/2014 11:54:33,The dormouse conservation handbook,Book,http://readinglists.anglia.ac.uk/items/539AA1A7-168F-DC6A-9D3E-6101EC3E5779.html,994451740102051,1857162196,9781857162196,NA,NA,NA,Background Reading,NA
20/08/2014 16:30:23,The history of British mammals,Book,http://readinglists.anglia.ac.uk/items/128B9568-528B-AB12-D8DA-BCF8A0CA3200.html,993809680102051,856611107,NA,NA,NA,NA,Background Reading,NA
20/08/2014 11:55:15,The water shrew handbook,Book,http://readinglists.anglia.ac.uk/items/3C38A9C0-814D-566A-3C94-DED6FA73FDB7.html,994438270102051,906282624,NA,NA,NA,NA,Background Reading,NA
20/08/2014 14:09:53,Urban foxes,Book,http://readinglists.anglia.ac.uk/items/F217D152-85AC-50A7-C4C1-65C32B034840.html,993761840102051,1873580517,9781873580516,NA,NA,NA,Background Reading,NA
20/08/2014 15:48:10,Water Vole Conservation Handbook,Book,http://readinglists.anglia.ac.uk/items/6BFBF9AA-104A-68F0-DC09-9D47DFB7F6EF.html,999146440202051,954637658,9780954637651,NA,NA,NA,Background Reading,NA
20/08/2014 15:19:53,Where to watch mammals in Britain and Ireland,Book,http://readinglists.anglia.ac.uk/items/C8F0AC10-41CF-5A4C-04A6-A2DD72DCC0F1.html,994438680102051,713671610,9780713671612,NA,NA,NA,Background Reading,NA
13/01/2021 17:36:59,Conservation of the wildcat (Felis silvestris) in Scotland: Review of the conservation status and assessment of conservation activities.,Document,http://readinglists.anglia.ac.uk/items/352E8F77-56CC-7344-8FE0-018D69533811.html,NA,NA,NA,NA,NA,NA,Background Reading,NA
20/08/2014 12:05:19,A history of nature conservation in Britain,Book,http://readinglists.anglia.ac.uk/items/E91CA150-9065-F1A9-9A8E-FD3860558618.html,992877490102051,415144922,NA,NA,NA,NA,Background Reading,NA
20/08/2014 15:19:14,Conservation of biological resources,Book,http://readinglists.anglia.ac.uk/items/8175BDF1-7310-2C44-1EB3-6AAE2F16929F.html,993290090102051,865427380,NA,NA,NA,NA,Background Reading,NA
20/08/2014 15:38:40,Conservation of exploited species,Book,http://readinglists.anglia.ac.uk/items/CD51C4F1-6DA5-232A-8DA1-E32B348E7E42.html,993768630102051,521787335,9780521787338,NA,NA,NA,Background Reading,NA
20/08/2014 16:28:06,Grazing and conservation management,Book,http://readinglists.anglia.ac.uk/items/53430B06-39E9-4DA3-E53C-55C807460D59.html,993597310102051,412475200,NA,NA,NA,NA,Background Reading,NA
20/08/2014 14:06:23,Problem-solving in conservation biology and wildlife management,Book,http://readinglists.anglia.ac.uk/items/02A2C2CE-F51A-EBD1-44CA-074ABE5E439A.html,994443270102051,1405152877,9781405152877,NA,NA,NA,Background Reading,NA
20/08/2014 16:23:37,"The conservation handbook: research, management and policy",Book,http://readinglists.anglia.ac.uk/items/EF14AB25-2545-18AE-E823-ECBC7B211588.html,993658500102051,632053445,9780632053445,NA,NA,NA,Background Reading,NA
20/08/2014 14:40:17,The making of the English landscape,Book,http://readinglists.anglia.ac.uk/items/B017BAC1-D81F-45E7-5D48-531A71613F37.html,994231170102051,340770201,9780340770207,NA,NA,NA,Background Reading,NA
20/08/2014 11:42:17,Animal tracks and signs,Book,http://readinglists.anglia.ac.uk/items/D8F4A015-1152-ABC2-1061-F1489B894FF6.html,993732040102051,198507968,NA,NA,NA,NA,Recommended Reading,NA
20/08/2014 11:43:02,"Animals: tracks, trails and signs",Book,http://readinglists.anglia.ac.uk/items/D41DEBD2-65A6-E9F1-7A0E-9812D8E54FD4.html,994137280102051,753709554,NA,NA,NA,NA,Background Reading,NA
20/08/2014 15:47:22,Collins complete guide to British animals,Book,http://readinglists.anglia.ac.uk/items/10929D5E-6F3E-3A37-1493-197A3E91981E.html,997563330102051,NA,9780007349500,NA,NA,NA,Background Reading,NA
20/08/2014 11:58:06,Rhum: the natural history of an island,Book,http://readinglists.anglia.ac.uk/items/B1B86284-54E9-E9A1-4356-6558A43C6519.html,994087090102051,NA,9780852245132,NA,NA,NA,Background Reading,NA
20/08/2014 15:15:29,Rum: nature's island,Book,http://readinglists.anglia.ac.uk/items/6F4151BE-0C1D-E29D-E761-13F3953DAFED.html,994509370102051,NA,9780946487325,NA,NA,NA,Background Reading,NA
20/08/2014 16:31:03,The analysis of owl pellets,Book,http://readinglists.anglia.ac.uk/items/6D397CE9-DD08-C27A-D4A2-C0094923FF30.html,999148536502051,993567371,9780993567377,NA,NA,NA,Background Reading,NA
20/08/2014 14:59:11,The naturalized animals of Britain and Ireland,Book,http://readinglists.anglia.ac.uk/items/8F4747CD-6161-CA40-D332-DB913458DAF0.html,995450900102051,NA,9781847734549,NA,NA,NA,Background Reading,NA
