"UID","Name","DOI","Citation","Rights","More Information","Data generalisations","Information withheld","Download limit","Number of Records in Download"
"dr909","BRERC Notable Species records within the last 10 years","doi:10.15468/vntgox","Bristol Regional Environmental Records Centre ([Insert download year]). BRERC Notable Species records within the last 10 years. Occurrence dataset on the NBN Atlas","Creative Commons, with Attribution, Non-commercial v4.0 (CC-BY-NC) BRERC retains copyright. The data is provided via the NBN Atlas for non-commercial purposes.","For more information:  email info@brerc.org.uk, or https://registry.nbnatlas.org/public/show/dr909","","","","570"
"dr1372","BTO First Atlas of Breeding Birds in Britain and Ireland: 1968-1972.","doi:10.15468/cfigc5","Records provided by BTO First Atlas of Breeding Birds in Britain and Ireland: 1968-1972., accessed through NBN Atlas website.","Creative Commons, with Attribution, Non-commercial v4.0 (CC-BY-NC) CC-BY-NC","For more information:  https://registry.nbnatlas.org/public/show/dr1372","","","","98"
"dr2464","Leicestershire and Rutland Environmental Records Centre records 2000-2009","10.15468/cs2zzf","Leicestershire and Rutland Environmental Records Centre ([Insert year of download]). Leicestershire and Rutland Environmental Records Centre records 2000-2009. Occurrence dataset on the NBN Atlas.","Creative Commons, with Attribution, Non-commercial v4.0 (CC-BY-NC) LRERC should be acknowledged in any use of the data.  The data supplier is contained within the dataset.  Further metadata on individual data suppliers datasets can be found by searching for the datasetID at https://my.lerc.online/Datasets.aspx?src=lr","For more information:  https://registry.nbnatlas.org/public/show/dr2464","","","","584"
"dr2465","Leicestershire and Rutland Environmental Records Centre records 2010-2014","10.15468/9n92x3","Leicestershire and Rutland Environmental Records Centre ([Insert year of download]). Leicestershire and Rutland Environmental Records Centre records 2010-2014. Occurrence dataset on the NBN Atlas","Creative Commons, with Attribution, Non-commercial v4.0 (CC-BY-NC) LRERC should be acknowledged in any use of the data.  The data supplier is contained within the dataset.  Further metadata on individual data suppliers datasets can be found by searching for the datasetID at https://my.lerc.online/Datasets.aspx?src=lr","For more information:  https://registry.nbnatlas.org/public/show/dr2465","","","","717"
"dr2463","Leicestershire and Rutland Environmental Records Centre records pre 2000","10.15468/res3cx","Leicestershire and Rutland Environmental Records Centre ([Insert year of download]). Leicestershire and Rutland Environmental Records Centre records pre 2000. Occurrence dataset on the NBN Atlas.","Creative Commons, with Attribution, Non-commercial v4.0 (CC-BY-NC) LRERC should be acknowledged in any use of the data.  The data supplier is contained within the dataset.  Further metadata on individual data suppliers datasets can be found by searching for the datasetID at https://my.lerc.online/Datasets.aspx?src=lr","For more information:  https://registry.nbnatlas.org/public/show/dr2463","","","","2"
"dp165","Argyll Bird Club","","Records provided by Argyll Bird Club, accessed through NBN Atlas website.","","For more information:  https://registry.nbnatlas.org/public/show/dp165","","","","113"
"dr2466","Leicestershire and Rutland Environmental Records Centre records 2015-2019","10.15468/dues93","Leicestershire and Rutland Environmental Records Centre ([Insert year of download]). Leicestershire and Rutland Environmental Records Centre records 2015-2019. Occurrence dataset on the NBN Atlas.","Creative Commons, with Attribution, Non-commercial v4.0 (CC-BY-NC) LRERC should be acknowledged in any use of the data.  The data supplier is contained within the dataset.  Further metadata on individual data suppliers datasets can be found by searching for the datasetID at https://my.lerc.online/Datasets.aspx?src=lr","For more information:  https://registry.nbnatlas.org/public/show/dr2466","","","","729"
"dp201","Manx National Heritage","","Records provided by Manx National Heritage, accessed through NBN Atlas website.","","For more information:  email enquiries@mnh.gov.im, or https://registry.nbnatlas.org/public/show/dp201","","","","3"
"dp162","Fife Nature Records Centre","","Records provided by Fife Nature Records Centre, accessed through NBN Atlas website.","","For more information:  email nature.info@fife.gov.uk, or https://registry.nbnatlas.org/public/show/dp162","","","","34"
"dr1415","North East Scotland Breeding Bird Atlas 2002-06","doi:10.15468/hny7nf","Records provided by North East Scotland Breeding Bird Atlas 2002-06, accessed through NBN Atlas website.","Creative Commons with Attribution 4.0 (CC-BY) CC-BY","For more information:  email clive.mckay@the-soc.org.uk, or https://registry.nbnatlas.org/public/show/dr1415","","","","7"
"dr1935","NRW Regional Data: South East Wales Non-sensitive species","10.15468/g7xxs8","NRW Regional Data: South East Wales Non-sensitive species, SEWBReC (2018)","Open Government Licence (OGL)","For more information:  https://registry.nbnatlas.org/public/show/dr1935","","","","69"
"dr746","CPERC Combined Dataset","doi:10.15468/npthhv","Records provided by CPERC Combined Dataset, accessed through NBN Atlas website.","Creative Commons, with Attribution, Non-commercial v4.0 (CC-BY-NC) CC-BY-NC","For more information:  email data@cperc.org.uk, or https://registry.nbnatlas.org/public/show/dr746","","","","1961"
"dr867","Suffolk Biodiversity Information Service (SBIS) Dataset","doi:10.15468/ab4vwo","Records provided by Suffolk Biodiversity Information Service (SBIS) Dataset, accessed through NBN Atlas website.","Creative Commons, with Attribution, Non-commercial v4.0 (CC-BY-NC) CC-BY-NC","For more information:  email martin.sanford@suffolk.gov.uk, or https://registry.nbnatlas.org/public/show/dr867","","","","3853"
"dp43","The Wildlife Information Centre","","Records provided by The Wildlife Information Centre, accessed through NBN Atlas website.","","For more information:  email info@wildlifeinformation.co.uk, or https://registry.nbnatlas.org/public/show/dp43","","","","48"
"dp0","Royal Society for the Protection of Birds","","Records provided by Royal Society for the Protection of Birds, accessed through NBN Atlas website.","","For more information:  email Dataunit@rspb.org.uk, or https://registry.nbnatlas.org/public/show/dp0","","","","6"
"dp2","Scottish Wildlife Trust","","Records provided by Scottish Wildlife Trust, accessed through NBN Atlas website.","","For more information:  email datarequests@scottishwildlifetrust.org.uk, or https://registry.nbnatlas.org/public/show/dp2","","","","215"
"dr2194","East Lothian Council Ranger Service Records","","East Lothian Council Ranger Service Records, TWIC (2020)","Creative Commons, with Attribution, Non-commercial v4.0 (CC-BY-NC)","For more information:  https://registry.nbnatlas.org/public/show/dr2194","","","","17"
"dr2195","Isle of Man Historical Wildlife Records pre-1990","10.15468/n7ybfm","Data provided by Manx Biological Recording Partnership, Isle of Man, records pre 1990","Creative Commons, with Attribution, Non-commercial v4.0 (CC-BY-NC) Please acknowledge the Manx Biological Recording Partnership https://isleofman.nbnatlas.org/","For more information:  https://registry.nbnatlas.org/public/show/dr2195","","","","2"
"dr1420","Miscellaneous records held on the Cofnod database","doi:10.15468/hcgqsi","Miscellaneous records held on the Cofnod database, Cofnod (2019)","Creative Commons, with Attribution, Non-commercial v4.0 (CC-BY-NC) CC-BY-NC","For more information:  email record@cofnod.org.uk, or https://registry.nbnatlas.org/public/show/dr1420","","","","889"
"dp154","NatureSpot","","Records provided by NatureSpot, accessed through NBN Atlas website.","","For more information:  email info@naturespot.org.uk, or https://registry.nbnatlas.org/public/show/dp154","","","","462"
"dr1269","Highland bird data 2002 - 2003 - non-breeding records","doi:10.15468/ovr9nu","Records provided by Highland bird data 2002 - 2003 - non-breeding records, accessed through NBN Atlas website.","Creative Commons with Attribution 4.0 (CC-BY) CC-BY","For more information:  email clive.mckay@the-soc.org.uk, or https://registry.nbnatlas.org/public/show/dr1269","","","","39"
"dr1786","Montgomeryshire Wildlife Trust records held by BIS","doi:10.15468/vozyfp","BIS for Powys and Brecon Beacons National Park ([Insery download year]). Mongomeryshire Wildlife Trust records held by BIS. Occurrence dataset on the NBN Atlas","Creative Commons, with Attribution, Non-commercial v4.0 (CC-BY-NC)","For more information:  https://registry.nbnatlas.org/public/show/dr1786","","","","48"
"dr2117","South East Scotland Tetrad Atlas 2008 - 2013 - non-sensitive breeding species","10.15468/9xhy5h","Murray, R.D., Andrews, I.J. & Holling, M. 2019. Birds in South-east Scotland 2007-13: a tetrad atlas of the birds of Lothian and Borders. The Scottish Ornithologists’ Club, Aberlady.","Creative Commons with Attribution 4.0 (CC-BY)","For more information:  https://registry.nbnatlas.org/public/show/dr2117","","","","10"
"dr1787","Radnorshire Wildlife Trust records held by BIS","doi:10.15468/hxqokw","BIS for Powys and Brecon Beacons National Park ([Insert download year]). Radnorshire Wildlife Trust records held by BIS. Occurrence dataset on the NBN Atlas","Creative Commons, with Attribution, Non-commercial v4.0 (CC-BY-NC)","For more information:  https://registry.nbnatlas.org/public/show/dr1787","","Contact BIS for further information or go to website www.bis.org.uk for County recorder contacts.","","2"
"dr1941","Northern Ireland Environment Agency (NIEA) Collated Species Records","10.15468/gefbqb","Northern Ireland Environment Agency (NIEA) Collated Species Records, CEDaR (2019)","Open Government Licence (OGL)","For more information:  https://registry.nbnatlas.org/public/show/dr1941","","","","1"
"dp156","Leicestershire and Rutland Environmental Records Centre","","Records provided by Leicestershire and Rutland Environmental Records Centre, accessed through NBN Atlas website.","","For more information:  email LRERC@leics.gov.uk, or https://registry.nbnatlas.org/public/show/dp156","","","","2032"
"dr1784","Miscellaneous records held by BIS","doi:10.15468/mo7peo","BIS for Powys and Brecon Beacons National Park ([Insert download year]). Miscellaneous records held by BIS. Occurrence dataset on the NBN Atlas","Creative Commons, with Attribution, Non-commercial v4.0 (CC-BY-NC)","For more information:  https://registry.nbnatlas.org/public/show/dr1784","","","","5"
"dr851","Merseyside BioBank (verified)","doi:10.15468/ar0p6s","Merseyside BioBank (2020) www.merseysidebiobank.org.uk","Creative Commons, with Attribution, Non-commercial v4.0 (CC-BY-NC) CC-BY-NC","For more information:  email Info@MerseysideBioBank.org.uk, or https://registry.nbnatlas.org/public/show/dr851","","","","255"
"dr1301","Highland Breeding Bird Data 2002 - 2003 - sensitive breeding species","doi:10.15468/iddlbd","Records provided by Highland Breeding Bird Data 2002 - 2003 - sensitive breeding species, accessed through NBN Atlas website.","Creative Commons with Attribution 4.0 (CC-BY) CC-BY","For more information:  email clive.mckay@the-soc.org.uk, or https://registry.nbnatlas.org/public/show/dr1301","","","","1"
"dr2118","South East Scotland Tetrad Atlas 2007 - 2013 - non-sensitive winter species","10.15468/28drbf","Murray, R.D., Andrews, I.J. & Holling, M. 2019. Birds in South-east Scotland 2007-13: a tetrad atlas of the birds of Lothian and Borders. The Scottish Ornithologists’ Club, Aberlady.","Creative Commons with Attribution 4.0 (CC-BY)","For more information:  https://registry.nbnatlas.org/public/show/dr2118","","","","22"
"dr1827","Calf of Man (Isle of Man) Bird Observatory Daily Logs, 1959-67, 1969-81","doi:10.15468/rzpbo5","Manx National Heritage Library and Archives ([Insert download year]). Calf of Man (Isle of Man) Bird Observatory Daily Logs, 1959-67, 1969-81. Occurrence dataset on the NBN Atlas","Creative Commons, with Attribution, Non-commercial v4.0 (CC-BY-NC)","For more information:  https://registry.nbnatlas.org/public/show/dr1827","","","","3"
"dp159","Greater Manchester Ecology Unit","","Records provided by Greater Manchester Ecology Unit, accessed through NBN Atlas website.","","For more information:  https://registry.nbnatlas.org/public/show/dp159","","","","5"
"dr856","City of Edinburgh Natural Heritage Service - Historical Records","doi:10.15468/zwsdui","The Wildlife Information Centre ([Insert download year]).  City of Edinburgh Natural Heritage Service - Historical Records. Occurrence dataset on the NBN Atlas","Open Government Licence (OGL) OGL","For more information:  email admin@wildlifeinformation.co.uk, or https://registry.nbnatlas.org/public/show/dr856","","","","2"
"dr855","All taxa records for Leicestershire and Rutland","doi:10.15468/i46are","Records provided by All taxa records for Leicestershire and Rutland, accessed through NBN Atlas website.","Creative Commons with Attribution 4.0 (CC-BY) CC BY
      		Creative Commons Attribution","For more information:  https://registry.nbnatlas.org/public/show/dr855","","","","462"
"dr1155","Natural Resources Wales Regional Data : Mid-Wales","doi:10.15468/whj6d7","Natural Resources Wales Regional Data : Mid-Wales, BIS (2020)","Open Government Licence (OGL) OGL","For more information:  https://registry.nbnatlas.org/public/show/dr1155","","Additional information is available from BIS – www.bis.org.uk. This dataset contains sensitive species records which may only be made available at full resolution under licence to approved individuals and organisations following a request to BIS. It is provided under strict confidentiality terms.","","44"
"dr1277","South East Scotland Tetrad Atlas 1988 - 1994 - non-sensitive breeding species","doi:10.15468/ofiznf","Records provided by South East Scotland Tetrad Atlas 1988 - 1994 - non-sensitive breeding species, accessed through NBN Atlas website.","Creative Commons with Attribution 4.0 (CC-BY) CC-BY","For more information:  email clive.mckay@the-soc.org.uk, or https://registry.nbnatlas.org/public/show/dr1277","","","","8"
"dr1156","BTO Second Atlas of Breeding Birds in Britain and Ireland: 1988-1991.","doi:10.15468/cisnhd","Records provided by BTO Second Atlas of Breeding Birds in Britain and Ireland: 1988-1991., accessed through NBN Atlas website.","Creative Commons, with Attribution, Non-commercial v4.0 (CC-BY-NC) CC-BY-NC","For more information:  https://registry.nbnatlas.org/public/show/dr1156","","","","130"
"dr1395","Fife non-breeding bird 5km atlas 1991-99","doi:10.15468/rnxyvi","Records provided by Fife non-breeding bird 5km atlas 1991-99, accessed through NBN Atlas website.","Creative Commons with Attribution 4.0 (CC-BY) CC-BY","For more information:  email clive.mckay@the-soc.org.uk, or https://registry.nbnatlas.org/public/show/dr1395","","","","98"
"dr2007","Fife Nature Records Centre combined dataset 2018/19","10.15468/qbg6jf","Fife Nature Records Centre combined dataset 2018/19 (2019)","Creative Commons, with Attribution, Non-commercial v4.0 (CC-BY-NC)","For more information:  https://registry.nbnatlas.org/public/show/dr2007","","","","13"
"dp101","Cambridgeshire & Peterborough Environmental Records Centre","","Records provided by Cambridgeshire & Peterborough Environmental Records Centre, accessed through NBN Atlas website.","","For more information:  email data@cperc.org.uk, or https://registry.nbnatlas.org/public/show/dp101","","","","1961"
"dr1399","SER Site-based Surveys","doi:10.15468/h2yko0","Records provided by SER Site-based Surveys, accessed through NBN Atlas website.","Creative Commons, with Attribution, Non-commercial v4.0 (CC-BY-NC) CC-BY-NC","For more information:  email info@staffs-ecology.org.uk, or https://registry.nbnatlas.org/public/show/dr1399","","","","11"
"dr1311","Tullie House Museum Natural History Collections","doi:10.15468/epewfs","Records provided by Tullie House Museum Natural History Collections, accessed through NBN Atlas website.","Creative Commons, with Attribution, Non-commercial v4.0 (CC-BY-NC) CC-BY-NC","For more information:  email nature@tulliehouse.co.uk, or https://registry.nbnatlas.org/public/show/dr1311","","","","5"
"dr1312","Stackpole National Nature Reserve Species Inventory and Ad-hoc Sightings from Across Pembrokeshire","doi:10.15468/k6hvb8","Natural Resources Wales.  ([Insert year of download])  Stackpole National Nature Reserve Species Inventory and Ad-hoc Sightings from Across Pembrokeshire. Occurrence dataset accessed through the NBNAtlas","Open Government Licence (OGL) © CNC/NRW
Data may be re-used under the terms of the Open Government Licence providing it is done so, acknowledging both the source and NRW's copyright. It is the recipient's responsibility to ensure the data is fit for the intended purpose.

Attribution statement: Contains Natural Resources Wales information © Natural Resources Wales and Database Right. All rights Reserved.","For more information:  https://registry.nbnatlas.org/public/show/dr1312","","","","15"
"dp102","Cumbria Biodiversity Data Centre","","Records provided by Cumbria Biodiversity Data Centre, accessed through NBN Atlas website.","","For more information:  email info@cbdc.org.uk, or https://registry.nbnatlas.org/public/show/dp102","","","","5"
"dp186","West Wales Biodiversity Information Centre","","Records provided by West Wales Biodiversity Information Centre, accessed through NBN Atlas website.","","For more information:  https://registry.nbnatlas.org/public/show/dp186","","","","25"
"dr1954","CEDaR Online Recording","10.15468/ke4kw8","Records provided by CEDaR Online Recording, accessed through NBN Atlas website.","Creative Commons with Attribution 4.0 (CC-BY) CC BY
      		Creative Commons Attribution","For more information:  https://registry.nbnatlas.org/public/show/dr1954","","","","3"
"dr528","Birds (BTO+partners) to 2005","","Records provided by BTO, accessed through NBN Atlas website","Creative Commons, with Attribution, Non-commercial v4.0 (CC-BY-NC)","For more information:  https://registry.nbnatlas.org/public/show/dr528","","","","14398"
"dp107","Bristol Regional Environmental Records Centre","","Records provided by Bristol Regional Environmental Records Centre, accessed through NBN Atlas website.","","For more information:  email dataenquiries@brerc.org.uk, or https://registry.nbnatlas.org/public/show/dp107","","","","1146"
"dp109","Lancashire Environment Record Network","","Records provided by Lancashire Environment Record Network, accessed through NBN Atlas website.","","For more information:  email lern@lancashire.gov.uk, or https://registry.nbnatlas.org/public/show/dp109","","","","720"
"dr766","Survey and monitoring records for Scottish Wildlife Trust reserves from reserve convenors and Trust volunteers - Verified data","doi:10.15468/yyd4b9","Survey and monitoring records for Scottish Wildlife Trust reserves from reserve convenors and Trust volunteers - Verified data, SWT (2020)","Creative Commons with Attribution 4.0 (CC-BY) CC-BY","For more information:  email rsiller@scottishwildlifetrust.org.uk, or https://registry.nbnatlas.org/public/show/dr766","","","","5"
"dp103","Dorset Environmental Records Centre","","Records provided by Dorset Environmental Records Centre, accessed through NBN Atlas website.","","For more information:  email Enquiries@derc.org.uk, or https://registry.nbnatlas.org/public/show/dp103","","","","2"
"dr765","Commissioned surveys and staff surveys and reports for Scottish Wildlife Trust reserves - Verified data","doi:10.15468/a6snhl","Commissioned surveys and staff surveys and reports for Scottish Wildlife Trust reserves - Verified data, SWT (2020)","Creative Commons with Attribution 4.0 (CC-BY) CC-BY","For more information:  email rsiller@scottishwildlifetrust.org.uk, or https://registry.nbnatlas.org/public/show/dr765","","","","208"
"dr2370","Birds (BTO/JNCC/RSPB partnership)","","Records provided by BTO, accessed through NBN Atlas website","Open Government Licence (OGL)","For more information:  https://registry.nbnatlas.org/public/show/dr2370","","","","25473"
"dr1281","Staffordshire Wildlife Trust Nature Reserves Inventory","doi:10.15468/vhdows","Records provided by Staffordshire Wildlife Trust Nature Reserves Inventory, accessed through NBN Atlas website.","Creative Commons, with Attribution, Non-commercial v4.0 (CC-BY-NC) CC-BY-NC","For more information:  email info@staffs-ecology.org.uk, or https://registry.nbnatlas.org/public/show/dr1281","","","","9"
"dr1287","NRW Regional Data: all taxa (excluding sensitive species), West Wales","doi:10.15468/q3d1hl","Records provided by NRW Regional Data: all taxa (excluding sensitive species), West Wales, accessed through NBN Atlas website.","Open Government Licence (OGL) OGL","For more information:  email Kate.jones@wwbic.org.uk, or https://registry.nbnatlas.org/public/show/dr1287","","","","9"
"dr1164","LERN Records","doi:10.15468/esxc9a","Records provided by LERN Records, accessed through NBN Atlas website.","Creative Commons, with Attribution, Non-commercial v4.0 (CC-BY-NC) CC-BY-NC","For more information:  email lern@lancashire.gov.uk, or https://registry.nbnatlas.org/public/show/dr1164","","","","720"
"dp177","Rotherham Biological Records Centre","","Records provided by Rotherham Biological Records Centre, accessed through NBN Atlas website.","","For more information:  https://registry.nbnatlas.org/public/show/dp177","","","","585"
"dr1842","iRecord Surveys","doi:10.15468/i7x5ca","Natural England iRecord Surveys ([year of download])","Open Government Licence (OGL) OGL 
      		Open Government Licence (OGL 3.0)","For more information:  https://registry.nbnatlas.org/public/show/dr1842","","","","3"
"dr1289","Bird records for Argyll for the years 2002 and 2003","doi:10.15468/uilybi","Records provided by Bird records for Argyll for the years 2002 and 2003, accessed through NBN Atlas website.","Creative Commons, with Attribution, Non-commercial v4.0 (CC-BY-NC) CC-BY-NC","For more information:  email david.wood@snh.gov.uk, or https://registry.nbnatlas.org/public/show/dr1289","","","","113"
"dr478","RSPB Reserves breeding bird surveys","doi:10.15468/ssn1l9","Data reproduced with the permission of RSPB","Creative Commons with Attribution 4.0 (CC-BY) CC-BY","For more information:  email dataunit@rspb.org.uk, or https://registry.nbnatlas.org/public/show/dr478","","","","6"
"dr2417","British bird study skins in the collections of World Museum, National Museums Liverpool","10.15468/tekr68","World Museum, National Museums Liverpool (2020). British bird study skins in the collections of World Museum, National Museums Liverpool.","Creative Commons, with Attribution, Non-commercial v4.0 (CC-BY-NC)","For more information:  https://registry.nbnatlas.org/public/show/dr2417","","","","9"
"dr1326","RECORD Aves Data","doi:10.15468/pudf3y","Records provided by RECORD Aves Data, accessed through NBN Atlas website.","Creative Commons, with Attribution, Non-commercial v4.0 (CC-BY-NC) CC-BY-NC","For more information:  email enquiry@record-lrc.co.uk, or https://registry.nbnatlas.org/public/show/dr1326","","","","1216"
"dr915","Merseyside BioBank Active Naturalists (unverified)","doi:10.15468/smzyqf","Merseyside BioBank (2020) www.merseysidebiobank.org.uk","Creative Commons, with Attribution, Non-commercial v4.0 (CC-BY-NC) CC-BY-NC","For more information:  email Info@MerseysideBioBank.org.uk, or https://registry.nbnatlas.org/public/show/dr915","","","","13"
"dr755","NBIS Records to December 2016","doi:10.15468/jca5lo","Records provided by NBIS Records to December 2016, accessed through NBN Atlas website.","Creative Commons, with Attribution, Non-commercial v4.0 (CC-BY-NC) CC-BY-NC","For more information:  email nbis@norfolk.gov.uk, or https://registry.nbnatlas.org/public/show/dr755","","","","2153"
"dr2380","Birds (BTO+partners) 2006 - 2010","","Records provided by BTO, accessed through NBN Atlas website","Creative Commons, with Attribution, Non-commercial v4.0 (CC-BY-NC)","For more information:  https://registry.nbnatlas.org/public/show/dr2380","","","","22816"
"dp96","BIS for Powys & Brecon Beacons National Park","","Records provided by BIS for Powys & Brecon Beacons National Park, accessed through NBN Atlas website.","","For more information:  email info@bis.org.uk, or https://registry.nbnatlas.org/public/show/dp96","","","","188"
"dr2381","Birds (BTO+partners) 2011 - 2015","","Records provided by BTO, accessed through NBN Atlas website","Creative Commons, with Attribution, Non-commercial v4.0 (CC-BY-NC)","For more information:  https://registry.nbnatlas.org/public/show/dr2381","","","","27183"
"dr2382","Birds (BTO+partners) 2016 - 2019","","Records provided by BTO, accessed through NBN Atlas website","Creative Commons, with Attribution, Non-commercial v4.0 (CC-BY-NC)","For more information:  https://registry.nbnatlas.org/public/show/dr2382","","","","33709"
"dr1574","ERIC NE Combined dataset to 2017","","Records provided by ERIC NE Combined dataset to 2017, accessed through NBN Atlas website.","Creative Commons, with Attribution, Non-commercial v4.0 (CC-BY-NC)","For more information:  https://registry.nbnatlas.org/public/show/dr1574","","ERIC NE Data holdings metadata avaialble at http://www.ericnortheast.org.uk/geisha/assets/images/ERIC-NE-Species-metadata.2.pdf","","727"
"dr1178","Biodiversity in Glasgow (BiG) Project","doi:10.15468/dju9iz","Records provided by Biodiversity in Glasgow (BiG) Project, accessed through NBN Atlas website.","Creative Commons, with Attribution, Non-commercial v4.0 (CC-BY-NC) CC-BY-NC","For more information:  https://registry.nbnatlas.org/public/show/dr1178","","","","1"
"dp121","Suffolk Biodiversity Information Service","","Records provided by Suffolk Biodiversity Information Service, accessed through NBN Atlas website.","","For more information:  email martin.sanford@suffolk.gov.uk, or https://registry.nbnatlas.org/public/show/dp121","","","","3853"
"dr1335","Gloucestershire Historic Wildlife Sightings prior to 1st Jan 2000","doi:10.15468/dgf5es","Records provided by Gloucestershire Historic Wildlife Sightings prior to 1st Jan 2000, accessed through NBN Atlas website.","Creative Commons with Attribution 4.0 (CC-BY) CC-BY","For more information:  https://registry.nbnatlas.org/public/show/dr1335","","","","54"
"dp242","World Museum, National Museums Liverpool","","Records provided by World Museum, National Museums Liverpool, accessed through NBN Atlas website.","","For more information:  https://registry.nbnatlas.org/public/show/dp242","","","","10"
"dp122","Natural Resources Wales","","Records provided by Natural Resources Wales, accessed through NBN Atlas website.","","For more information:  email nbnadmin@cyfoethnaturiolcymru.gov.uk, or https://registry.nbnatlas.org/public/show/dp122","","","","15"
"dp123","North East Scotland Biological Records Centre","","Records provided by North East Scotland Biological Records Centre, accessed through NBN Atlas website.","","For more information:  email nesbrec@aberdeenshire.gov.uk, or https://registry.nbnatlas.org/public/show/dp123","","","","533"
"dr780","Casual records for Scottish Wildlife Trust reserves - Verified data","doi:10.15468/zeay1d","Casual records for Scottish Wildlife Trust reserves - Verified data (2020)","Creative Commons with Attribution 4.0 (CC-BY) CC-BY","For more information:  email rsiller@scottishwildlifetrust.org.uk, or https://registry.nbnatlas.org/public/show/dr780","","","","2"
"dr782","Shropshire Ecological Data Network database","doi:10.15468/5v5pvk","Shropshire Ecological Data Network ([Insert download year]). Shropshire Ecological Data Network database. Occurrence dataset on the NBN Atlas","Creative Commons with Attribution 4.0 (CC-BY) CC-BY","For more information:  email alex.lockton@gmail.com, or https://registry.nbnatlas.org/public/show/dr782","","","","24"
"dr1216","Rotherham Biological Records Centre - Non-sensitive Records from all taxonomic groups","doi:10.15468/d3tufo","Records provided by Rotherham Biological Records Centre - Non-sensitive Records from all taxonomic groups, accessed through NBN Atlas website.","Creative Commons, with Attribution, Non-commercial v4.0 (CC-BY-NC) CC-BY-NC","For more information:  email Paul.Leonard@rotherham.gov.uk, or https://registry.nbnatlas.org/public/show/dr1216","","","","585"
"dp120","Shropshire Ecological Data Network","","Records provided by Shropshire Ecological Data Network, accessed through NBN Atlas website.","","For more information:  https://registry.nbnatlas.org/public/show/dp120","","","","24"
"dr1613","Isle of Man historical wildlife records 1990 to 1994","doi:10.15468/aru16v","Records provided by Isle of Man historical wildlife records 1990 to 1994, accessed through NBN Atlas website.","Creative Commons, with Attribution, Non-commercial v4.0 (CC-BY-NC)","For more information:  https://registry.nbnatlas.org/public/show/dr1613","Specific surveys carried out during this period include Phase 1 Habitat, Road Verge, Ramsey Estuary, Ayres Pitfall, LSG Exotics, Calf of Man Sublittoral Survey.  Data also comes from several  collections such as lizards and moths and casual records.
The majority of records have a full date.","Please refer to the websites of the three main partner organistions: Manx Wildlife Trust http://www.manxwt.org.uk/; Manx National Heritage http://www.manxnationalheritage.im/; Department of Environment, Food and Agriculture https://www.gov.im/about-the-government/departments/environment-food-and-agriculture/wildlife/.  See also  http://www.manxbiodiversity.org/","","2"
"dr703","Dorset SSSI Species Records 1952 - 2004 (Natural England)","doi:10.15468/vcjzts","Records provided by Dorset SSSI Species Records 1952 - 2004 (Natural England), accessed through NBN Atlas website.","Creative Commons, with Attribution, Non-commercial v4.0 (CC-BY-NC) CC-BY-NC","For more information:  email derc@dorsetcc.gov.uk , or https://registry.nbnatlas.org/public/show/dr703","","","","2"
"dr947","Bird Records held by Greater Manchester Ecology Unit","","Records provided by Bird Records held by Greater Manchester Ecology Unit, accessed through NBN Atlas website.","Creative Commons, with Attribution, Non-commercial v4.0 (CC-BY-NC) CC-BY-NC","For more information:  email suzanne.waymont@tameside.gov.uk, or https://registry.nbnatlas.org/public/show/dr947","","","","5"
"dp126","South East Wales Biodiversity Records Centre","","Records provided by South East Wales Biodiversity Records Centre, accessed through NBN Atlas website.","","For more information:  email info@sewbrec.org.uk, or https://registry.nbnatlas.org/public/show/dp126","","","","3319"
"dr938","BRERC species records from all years at full resolution excluding Notable Species within the last 10 years","doi:10.15468/h1ln5p","Bristol Regional Environmental Records Centre ([Insert download year]). BEREC species records from all years at full resolution excluding Notable Species within the last 10 years. Occurrence dataset on the NBN Atlas","Creative Commons, with Attribution, Non-commercial v4.0 (CC-BY-NC) BRERC retains copyright. The data is provided via the NBN Atlas for non-commercial purposes.","For more information:  email info@brerc.org.uk, or https://registry.nbnatlas.org/public/show/dr938","","","","576"
"dp83","Natural England","","Records provided by Natural England, accessed through NBN Atlas website.","","For more information:  https://registry.nbnatlas.org/public/show/dp83","","","","3"
"dr1189","Brecknock county birds records","doi:10.15468/2rd8nh","Records provided by Brecknock county birds records, accessed through NBN Atlas website.","Creative Commons, with Attribution, Non-commercial v4.0 (CC-BY-NC) CC-BY-NC","For more information:  email janet@bis.org.uk, or https://registry.nbnatlas.org/public/show/dr1189","","","","89"
"dp199","Environmental Records Information Centre North East","","Records provided by Environmental Records Information Centre North East, accessed through NBN Atlas website.","","For more information:  email eric.ne@twmuseums.org.uk, or https://registry.nbnatlas.org/public/show/dp199","","","","727"
"dp111","Merseyside BioBank","","Records provided by Merseyside BioBank, accessed through NBN Atlas website.","","For more information:  email info@merseysidebiobank.org.uk, or https://registry.nbnatlas.org/public/show/dp111","","","","392"
"dp112","Isle of Wight Local Records Centre","","Records provided by Isle of Wight Local Records Centre, accessed through NBN Atlas website.","","For more information:  https://registry.nbnatlas.org/public/show/dp112","","","","168"
"dp113","Ministry of Justice","","Records provided by Ministry of Justice, accessed through NBN Atlas website.","","For more information:  email Beatrice.finch@justice.gsi.gov.uk, or https://registry.nbnatlas.org/public/show/dp113","","","","1"
"dr1348","Non-native-bird records from county bird reports, 1995-2009","doi:10.15468/6dlwsx","Records provided by Non-native-bird records from county bird reports, 1995-2009, accessed through NBN Atlas website.","Creative Commons, with Attribution, Non-commercial v4.0 (CC-BY-NC) CC-BY-NC","For more information:  https://registry.nbnatlas.org/public/show/dr1348","","","","83"
"dr892","City of Edinburgh Natural Heritage Service - Bavelaw Marsh Bird Hide Records","doi:10.15468/w7obpz","Records provided by City of Edinburgh Natural Heritage Service - Bavelaw Marsh Bird Hide Records, accessed through NBN Atlas website.","Open Government Licence (OGL) OGL","For more information:  email admin@wildlifeinformation.co.uk, or https://registry.nbnatlas.org/public/show/dr892","","","","27"
"dr814","Isle of Wight Notable Species","doi:10.15468/sm4ety","Records provided by Isle of Wight Notable Species, accessed through NBN Atlas website.","Creative Commons, with Attribution, Non-commercial v4.0 (CC-BY-NC) CC-BY-NC","For more information:  email lrc@iow.gov.uk, or https://registry.nbnatlas.org/public/show/dr814","","","","168"
"dp118","Norfolk Biodiversity Information Service","","Records provided by Norfolk Biodiversity Information Service, accessed through NBN Atlas website.","","For more information:  email enquiries.nbis@norfolk.gov.uk, or https://registry.nbnatlas.org/public/show/dp118","","","","2153"
"dr931","SEWBReC Birds (South East Wales)","doi:10.15468/qfainq","Records provided by SEWBReC Birds (South East Wales), accessed through NBN Atlas website.","Creative Commons, with Attribution, Non-commercial v4.0 (CC-BY-NC) CC-BY-NC","For more information:  email info@sewbrec.org.uk, or https://registry.nbnatlas.org/public/show/dr931","","","","3243"
"dp115","Manx Biological Recording Partnership","","Records provided by Manx Biological Recording Partnership, accessed through NBN Atlas website.","","For more information:  email philippa.tomlinson@gov.im, or https://registry.nbnatlas.org/public/show/dp115","","","","4"
"dp116","National Trust","","Records provided by National Trust, accessed through NBN Atlas website.","","For more information:  email gordon.barker@nationaltrust.org.uk, or https://registry.nbnatlas.org/public/show/dp116","","","","81"
"dr1350","North East Scotland Birds (1883-2010)","doi:10.15468/o1okcz","Records provided by North East Scotland Birds (1883-2010), accessed through NBN Atlas website.","Creative Commons, with Attribution, Non-commercial v4.0 (CC-BY-NC) CC-BY-NC","For more information:  email nesbrec@aberdeenshire.gov.uk, or https://registry.nbnatlas.org/public/show/dr1350","","This dataset is only available on the NBN Atlas at 1Km resolution. Users who wish to access data at a higher resolution and/or data relating to sensitive species should contact NESBReC directly. Data searches for commercial purposes will incur a service charge by NESBReC.","","533"
"dr1193","SER Species-based Surveys","doi:10.15468/q8qen3","Records provided by SER Species-based Surveys, accessed through NBN Atlas website.","Creative Commons, with Attribution, Non-commercial v4.0 (CC-BY-NC) CC-BY-NC","For more information:  email info@staffs-ecology.org.uk, or https://registry.nbnatlas.org/public/show/dr1193","","","","8"
"dr1354","Sheffield Bird Study Group (Yorkshire records)","doi:10.15468/ytwnad","Records provided by Sheffield Bird Study Group (Yorkshire records), accessed through NBN Atlas website.","Creative Commons, with Attribution, Non-commercial v4.0 (CC-BY-NC) CC-BY-NC","For more information:  email rdrwilliams@blueyonder.co.uk, or https://registry.nbnatlas.org/public/show/dr1354","","","","72"
"dr1472","North Merseyside Local Species Data (DEFRA Grant 23169)","doi:10.15468/h5k3ix","Records provided by North Merseyside Local Species Data (DEFRA Grant 23169), accessed through NBN Atlas website.","Creative Commons with Attribution 4.0 (CC-BY) CC BY","For more information:  https://registry.nbnatlas.org/public/show/dr1472","","","","87"
"dp143","Scottish Ornithologists' Club, The","","Records provided by Scottish Ornithologists' Club, The, accessed through NBN Atlas website.","","For more information:  email mail@the-soc.org.uk, or https://registry.nbnatlas.org/public/show/dp143","","","","185"
"dr1236","National Trust Species Records","doi:10.15468/opc6g1","National Trust ([Insert download year]). National Trust Species Records. Occurrence dataset on the NBN Atlas","Creative Commons Zero v1.0 (CC0) CC0","For more information:  email gordon.barker@nationaltrust.org.uk, or https://registry.nbnatlas.org/public/show/dr1236","","","","81"
"dr1237","BTO First Atlas of Wintering Birds in Britain and Ireland: 1981/82-1983/84.","doi:10.15468/huodzs","Records provided by BTO First Atlas of Wintering Birds in Britain and Ireland: 1981/82-1983/84., accessed through NBN Atlas website.","Creative Commons, with Attribution, Non-commercial v4.0 (CC-BY-NC) CC-BY-NC","For more information:  https://registry.nbnatlas.org/public/show/dr1237","","","","672"
"dr841","Merseyside BioBank Active Naturalists (verified)","doi:10.15468/ugurj2","Merseyside BioBank (2020). Merseyside BioBank Active Naturalists (verified) www.merseysidebiobank.org.uk","Creative Commons, with Attribution, Non-commercial v4.0 (CC-BY-NC) CC-BY-NC","For more information:  email Info@MerseysideBioBank.org.uk, or https://registry.nbnatlas.org/public/show/dr841","","","","5"
"dr840","Fife Nature Records Centre combined dataset","10.15468/ccc1ip","Records provided by Fife Nature Records Centre combined dataset, accessed through NBN Atlas website.","Creative Commons, with Attribution, Non-commercial v4.0 (CC-BY-NC) CC-BY-NC","For more information:  https://registry.nbnatlas.org/public/show/dr840","","Fife Nature Records Centre offer information provision services, including tailored data searches.  Please contact Fife Nature directly to access higher resolution data and the most comprehensive and up-to-date data holdings","","21"
"dr1510","Natalie Harmsworth's Records (2010-2019)","","Natalie Harmsworth's Records (2010-2019), TWIC (2019)","Creative Commons, with Attribution, Non-commercial v4.0 (CC-BY-NC) CC-BY-NC","For more information:  email admin@wildlifeinformation.co.uk, or https://registry.nbnatlas.org/public/show/dr1510","","","","1"
"dr1758","Dr Mary Gillham Archive Project","10.15468/ajv47f","Dr Mary Gillham Archive Project, SEWBReC (2019)","Creative Commons with Attribution 4.0 (CC-BY)","For more information:  https://registry.nbnatlas.org/public/show/dr1758","","","","7"
"dr1359","Species found in the NOMS estate 2005 - Present","doi:10.15468/wcx4is","Records provided by Species found in the NOMS estate 2005 - Present, accessed through NBN Atlas website.","Creative Commons Zero v1.0 (CC0) CC0","For more information:  email beatrice.finch@noms.gsi.gov.uk, or https://registry.nbnatlas.org/public/show/dr1359","","","","1"
"dr2449","British bird eggs in the collections of World Museum, National Museums Liverpool","10.15468/n75arp","World Museum, National Museums Liverpool ([Insert year of download). British bird eggs in the collections of World Museum, National Museums Liverpool.","Creative Commons, with Attribution, Non-commercial v4.0 (CC-BY-NC)","For more information:  https://registry.nbnatlas.org/public/show/dr2449","","","","1"
"dp147","Sheffield Bird Study Group","","Records provided by Sheffield Bird Study Group, accessed through NBN Atlas website.","","For more information:  https://registry.nbnatlas.org/public/show/dp147","","","","72"
"dr844","Merseyside BioBank (unverified)","doi:10.15468/iou2ld","Merseyside BioBank (2020) www.merseysidebiobank.org.uk","Creative Commons, with Attribution, Non-commercial v4.0 (CC-BY-NC) CC-BY-NC","For more information:  email Info@MerseysideBioBank.org.uk, or https://registry.nbnatlas.org/public/show/dr844","","","","32"
"dr1241","WTSWW Data: All Taxa (West Wales)","doi:10.15468/gaakk2","Records provided by WTSWW Data: All Taxa (West Wales), accessed through NBN Atlas website.","Creative Commons, with Attribution, Non-commercial v4.0 (CC-BY-NC) CC-BY-NC","For more information:  email Kate.jones@wwbic.org.uk, or https://registry.nbnatlas.org/public/show/dr1241","","","","16"
"dr1522","LWIC - Local Patch Project","","Records provided by LWIC - Local Patch Project, accessed through NBN Atlas website.","Creative Commons, with Attribution, Non-commercial v4.0 (CC-BY-NC) CC-BY-NC","For more information:  email admin@wildlifeinformation.co.uk, or https://registry.nbnatlas.org/public/show/dr1522","","","","1"
"dr1402","Yorkshire Wildlife Trust - Non-sensitive records from all taxonomic groups","doi:10.15468/2razk5","Records provided by Yorkshire Wildlife Trust - Non-sensitive records from all taxonomic groups, accessed through NBN Atlas website.","Creative Commons, with Attribution, Non-commercial v4.0 (CC-BY-NC) CC-BY-NC","For more information:  email phillip.whelpdale@ywt.org.uk, or https://registry.nbnatlas.org/public/show/dr1402","","","","483"
"dp133","Record","","Records provided by Record, accessed through NBN Atlas website.","","For more information:  email Info@record-lrc.co.uk, or https://registry.nbnatlas.org/public/show/dp133","","","","1216"
"dr1248","NRW Regional Data: North Wales","doi:10.15468/krljpu","Records provided by NRW Regional Data: North Wales, accessed through NBN Atlas website.","Open Government Licence (OGL) OGL","For more information:  email record@cofnod.org.uk, or https://registry.nbnatlas.org/public/show/dr1248","","","","30"
"dp134","Staffordshire Ecological Record","","Records provided by Staffordshire Ecological Record, accessed through NBN Atlas website.","","For more information:  email info@staffs-ecology.org.uk, or https://registry.nbnatlas.org/public/show/dp134","","","","28"
"dp130","Yorkshire Wildlife Trust","","Records provided by Yorkshire Wildlife Trust, accessed through NBN Atlas website.","","For more information:  email phillip.whelpdale@ywt.org.uk, or https://registry.nbnatlas.org/public/show/dp130","","","","483"
"dp131","Cofnod – North Wales Environmental Information Service","","Records provided by Cofnod – North Wales Environmental Information Service, accessed through NBN Atlas website.","","For more information:  email contactus@cofnod.org.uk, or https://registry.nbnatlas.org/public/show/dp131","","","","919"
"dp29","British Trust for Ornithology","","Records provided by British Trust for Ornithology, accessed through NBN Atlas website.","","For more information:  email info@bto.org, or https://registry.nbnatlas.org/public/show/dp29","","","","124563"
"dp137","Gloucestershire Centre for Environmental Records","","Records provided by Gloucestershire Centre for Environmental Records, accessed through NBN Atlas website.","","For more information:  email gcer@gloucestershirewildlifetrust.co.uk, or https://registry.nbnatlas.org/public/show/dp137","","","","54"
"dp139","Centre for Environmental Data and Recording","","Records provided by Centre for Environmental Data and Recording, accessed through NBN Atlas website.","","For more information:  email cedar.info@nmni.com, or https://registry.nbnatlas.org/public/show/dp139","","","","4"
